{"cameraMode":{"drawMode":0,"name":"Shaded","section":"Shading Mode"},"sceneLighting":false,"audioPlay":false,"sceneViewState":{"m_AlwaysRefresh":false,"showFog":true,"showSkybox":false,"showFlares":true,"showImageEffects":true,"showParticleSystems":true,"showVisualEffectGraphs":true,"m_FxEnabled":true},"in2DMode":false,"pivot":{"x":1.0214087963104249,"y":0.5104708671569824,"z":-0.2829647958278656},"rotation":{"x":-0.009511121548712254,"y":0.9819089770317078,"z":-0.1820368468761444,"w":-0.05130123719573021},"size":2.200782060623169,"orthographic":false}